{
  "province": [
    {"p":"安徽省"},
    {"p":"北京市"},
    {"p":"重庆市"},
    {"p":"福建省"},
    {"p":"甘肃省"},
    {"p":"广东省"},
    {"p":"广西省"},
    {"p":"贵州省"},
    {"p":"海南省"},
    {"p":"河北省"},
    {"p":"河南省"},
    {"p":"黑龙江省"},
    {"p":"湖北省"},
    {"p":"湖南省"},
    {"p":"吉林省"},
    {"p":"江苏省"},
    {"p":"江西省"},
    {"p":"辽宁省"},
    {"p":"内蒙古"},
    {"p":"宁夏"},
    {"p":"青海省"},
    {"p":"山东省"},
    {"p":"山西省"},
    {"p":"陕西省"},
    {"p":"上海市"},
    {"p":"四川省"},
    {"p":"天津市"},
    {"p":"西藏"},
    {"p":"新疆"},
    {"p":"云南省"},
    {"p":"浙江省"}
  ],
  "city": [
    {"p":"安徽省","c":"安徽宏丰"},
    {"p":"安徽省","c":"安徽江铃"},
    {"p":"安徽省","c":"安庆福江"},
    {"p":"安徽省","c":"蚌埠连城"},
    {"p":"安徽省","c":"滁州宏海"},
    {"p":"安徽省","c":"阜阳福江"},
    {"p":"安徽省","c":"淮北舜和"},
    {"p":"安徽省","c":"六安金运"},
    {"p":"安徽省","c":"马鞍山江铃"},
    {"p":"安徽省","c":"中交二航局"},
    {"p":"北京市","c":"昌海顺义"},
    {"p":"重庆市","c":"重庆怡铃"},
    {"p":"福建省","c":"福州江铃"},
    {"p":"福建省","c":"龙岩佳通"},
    {"p":"福建省","c":"南平江铃"},
    {"p":"福建省","c":"宁德市江铃"},
    {"p":"福建省","c":"莆田江铃"},
    {"p":"福建省","c":"泉州全顺"},
    {"p":"福建省","c":"三明江铃"},
    {"p":"福建省","c":"厦门驭胜"},
    {"p":"福建省","c":"漳州宏瑞"},
    {"p":"甘肃省","c":"甘肃江铃酒泉分公司"},
    {"p":"甘肃省","c":"甘肃顺铃"},
    {"p":"甘肃省","c":"庆阳顺铃"},
    {"p":"甘肃省","c":"张掖顺铃"},
    {"p":"广东省","c":"东莞江铃"},
    {"p":"广东省","c":"广州凯铃"},
    {"p":"广东省","c":"河源汇鑫"},
    {"p":"广东省","c":"鹤山江铃"},
    {"p":"广东省","c":"惠州江铃"},
    {"p":"广东省","c":"江门江铃"},
    {"p":"广东省","c":"揭阳顺铃"},
    {"p":"广东省","c":"开平骏侨"},
    {"p":"广东省","c":"茂名顺铃"},
    {"p":"广东省","c":"梅州兴业"},
    {"p":"广东省","c":"南海顺铃"},
    {"p":"广东省","c":"清远江铃"},
    {"p":"广东省","c":"汕头江铃"},
    {"p":"广东省","c":"韶关森鑫"},
    {"p":"广东省","c":"深圳国顺"},
    {"p":"广东省","c":"深圳江铃"},
    {"p":"广东省","c":"深圳顺成"},
    {"p":"广东省","c":"深圳永顺通"},
    {"p":"广东省","c":"顺德江铃"},
    {"p":"广东省","c":"阳江顺铃"},
    {"p":"广东省","c":"英德君铃"},
    {"p":"广东省","c":"湛江顺铃"},
    {"p":"广东省","c":"肇庆顺铃"},
    {"p":"广东省","c":"中山江铃"},
    {"p":"广东省","c":"珠海江铃"},
    {"p":"广西省","c":"百色荣顺"},
    {"p":"广西省","c":"广西云汇"},
    {"p":"广西省","c":"贵港铭鼎"},
    {"p":"广西省","c":"桂林同顺"},
    {"p":"广西省","c":"河池瑞铃"},
    {"p":"广西省","c":"柳州健中冈"},
    {"p":"广西省","c":"钦州顺福铃"},
    {"p":"广西省","c":"梧州九鑫"},
    {"p":"广西省","c":"玉林穗邦"},
    {"p":"贵州省","c":"毕节恒顺"},
    {"p":"贵州省","c":"贵州丰泰"},
    {"p":"贵州省","c":"凯里永和"},
    {"p":"贵州省","c":"黔南江羚"},
    {"p":"贵州省","c":"铜仁福铃"},
    {"p":"贵州省","c":"兴义广缘"},
    {"p":"贵州省","c":"遵义顺铃"},
    {"p":"海南省","c":"海口顺铃"},
    {"p":"海南省","c":"三亚陆铃"},
    {"p":"河北省","c":"保定元盛"},
    {"p":"河北省","c":"沧州华成"},
    {"p":"河北省","c":"承德福江"},
    {"p":"河北省","c":"邯郸典正"},
    {"p":"河北省","c":"衡水广福"},
    {"p":"河北省","c":"秦皇岛文盛"},
    {"p":"河北省","c":"石家庄汉岳"},
    {"p":"河北省","c":"唐山江福"},
    {"p":"河北省","c":"邢台典盛"},
    {"p":"河北省","c":"张家口屹辰"},
    {"p":"河南省","c":"安阳福铃"},
    {"p":"河南省","c":"河南江铃"},
    {"p":"河南省","c":"洛阳顺铃"},
    {"p":"河南省","c":"南阳顺铃"},
    {"p":"河南省","c":"商丘恒隆"},
    {"p":"河南省","c":"新乡福铃"},
    {"p":"河南省","c":"信阳福铃"},
    {"p":"河南省","c":"许昌大志"},
    {"p":"河南省","c":"周口顺铃"},
    {"p":"河南省","c":"驻马店顺铃"},
    {"p":"黑龙江省","c":"大庆江福"},
    {"p":"黑龙江省","c":"黑龙江天拓域胜"},
    {"p":"黑龙江省","c":"佳木斯众合"},
    {"p":"黑龙江省","c":"牡丹江天拓"},
    {"p":"黑龙江省","c":"齐齐哈尔龙成"},
    {"p":"湖北省","c":"恩施威汉"},
    {"p":"湖北省","c":"黄冈威汉"},
    {"p":"湖北省","c":"黄石威汉"},
    {"p":"湖北省","c":"荆门威汉"},
    {"p":"湖北省","c":"荆州威汉"},
    {"p":"湖北省","c":"十堰威汉"},
    {"p":"湖北省","c":"随州威汉"},
    {"p":"湖北省","c":"武汉楚天威汉"},
    {"p":"湖北省","c":"襄阳威汉"},
    {"p":"湖北省","c":"宜昌威汉"},
    {"p":"湖南省","c":"常德天顺"},
    {"p":"湖南省","c":"郴州广顺"},
    {"p":"湖南省","c":"郴州广顺永州分公司"},
    {"p":"湖南省","c":"衡阳福顺"},
    {"p":"湖南省","c":"湖南全顺"},
    {"p":"湖南省","c":"湖南全顺浏阳分公司"},
    {"p":"湖南省","c":"怀化顺铃"},
    {"p":"湖南省","c":"娄底联顺"},
    {"p":"湖南省","c":"邵阳宝顺汽车"},
    {"p":"湖南省","c":"湘西永兴"},
    {"p":"湖南省","c":"岳阳梦达"},
    {"p":"湖南省","c":"株洲全顺"},
    {"p":"吉林省","c":"吉林福铃"},
    {"p":"吉林省","c":"长春立扬"},
    {"p":"江苏省","c":"常熟贺骏"},
    {"p":"江苏省","c":"常州江铃"},
    {"p":"江苏省","c":"淮安科达"},
    {"p":"江苏省","c":"江阴广吉"},
    {"p":"江苏省","c":"科达徐州分公司"},
    {"p":"江苏省","c":"昆山贺骏"},
    {"p":"江苏省","c":"连云港快顺"},
    {"p":"江苏省","c":"连云港汽修"},
    {"p":"江苏省","c":"南京凯腾"},
    {"p":"江苏省","c":"南京业辉"},
    {"p":"江苏省","c":"南通江铃"},
    {"p":"江苏省","c":"邳州捷奥"},
    {"p":"江苏省","c":"启东顺铃"},
    {"p":"江苏省","c":"苏州贺骏"},
    {"p":"江苏省","c":"太仓富骏"},
    {"p":"江苏省","c":"泰州江铃"},
    {"p":"江苏省","c":"无锡江铃"},
    {"p":"江苏省","c":"徐州福益"},
    {"p":"江苏省","c":"盐城福顺"},
    {"p":"江苏省","c":"扬州顺铃"},
    {"p":"江西省","c":"赣东北江铃"},
    {"p":"江西省","c":"赣西江铃"},
    {"p":"江西省","c":"赣州铃卡"},
    {"p":"江西省","c":"吉安江铃"},
    {"p":"江西省","c":"江西江铃"},
    {"p":"江西省","c":"九江江铃"},
    {"p":"江西省","c":"萍乡全顺"},
    {"p":"江西省","c":"新余百合"},
    {"p":"江西省","c":"鹰潭源盛"},
    {"p":"辽宁省","c":"鞍山和泰翔达"},
    {"p":"辽宁省","c":"大连九和瓦房店"},
    {"p":"辽宁省","c":"大连立扬"},
    {"p":"辽宁省","c":"丹东福顺"},
    {"p":"辽宁省","c":"抚顺日晟"},
    {"p":"辽宁省","c":"葫芦岛凯达"},
    {"p":"辽宁省","c":"盘锦顺铃"},
    {"p":"辽宁省","c":"沈阳泰和"},
    {"p":"辽宁省","c":"营口玄豹分公司"},
    {"p":"内蒙古","c":"包头国顺"},
    {"p":"内蒙古","c":"赤峰顺铃"},
    {"p":"内蒙古","c":"呼伦贝尔江铃"},
    {"p":"内蒙古","c":"通辽福顺"},
    {"p":"内蒙古","c":"锡盟方悦诚信"},
    {"p":"内蒙古","c":"兴安盟顺铃"},
    {"p":"宁夏","c":"宁夏顺铃"},
    {"p":"青海省","c":"青海全顺"},
    {"p":"山东省","c":"滨州顺铃"},
    {"p":"山东省","c":"德州吉顺"},
    {"p":"山东省","c":"东营顺福铃"},
    {"p":"山东省","c":"菏泽顺铃"},
    {"p":"山东省","c":"济南万昌"},
    {"p":"山东省","c":"济宁江铃"},
    {"p":"山东省","c":"聊城水利"},
    {"p":"山东省","c":"临沂宝铃"},
    {"p":"山东省","c":"龙口顺通"},
    {"p":"山东省","c":"青岛福全顺"},
    {"p":"山东省","c":"青岛九和"},
    {"p":"山东省","c":"青岛六和胶南分公司"},
    {"p":"山东省","c":"青岛双林源"},
    {"p":"山东省","c":"青州金源"},
    {"p":"山东省","c":"荣成成山汽车"},
    {"p":"山东省","c":"泰安瑞铃"},
    {"p":"山东省","c":"威海江铃"},
    {"p":"山东省","c":"潍坊金源"},
    {"p":"山东省","c":"潍坊金源日照分公司"},
    {"p":"山东省","c":"潍坊金源寿光分公司"},
    {"p":"山东省","c":"烟台江铃"},
    {"p":"山东省","c":"枣庄顺铃"},
    {"p":"山东省","c":"淄博鲁中"},
    {"p":"山西省","c":"大同江铃"},
    {"p":"山西省","c":"晋城长江"},
    {"p":"山西省","c":"临汾江铃全顺"},
    {"p":"山西省","c":"吕梁嘉通"},
    {"p":"山西省","c":"山西新泰都"},
    {"p":"山西省","c":"忻州泰都"},
    {"p":"山西省","c":"运城顺福铃"},
    {"p":"山西省","c":"长治市江铃"},
    {"p":"陕西省","c":"安康永成"},
    {"p":"陕西省","c":"陕西天晟"},
    {"p":"陕西省","c":"延安顺铃"},
    {"p":"陕西省","c":"榆林福顺"},
    {"p":"上海市","c":"科达周浦"},
    {"p":"四川省","c":"达州江铃"},
    {"p":"四川省","c":"德阳顺祥"},
    {"p":"四川省","c":"广元众利"},
    {"p":"四川省","c":"乐山顺铃"},
    {"p":"四川省","c":"泸州怡铃"},
    {"p":"四川省","c":"绵阳顺铃"},
    {"p":"四川省","c":"南充怡铃"},
    {"p":"四川省","c":"攀枝花华兴"},
    {"p":"四川省","c":"四川江铃"},
    {"p":"四川省","c":"西昌琦洋"},
    {"p":"天津市","c":"天津亿铃"},
    {"p":"西藏","c":"西藏顺天成"},
    {"p":"新疆","c":"阿克苏海林车业"},
    {"p":"新疆","c":"哈密飞扬"},
    {"p":"新疆","c":"库尔勒宏大"},
    {"p":"新疆","c":"奎屯永达"},
    {"p":"新疆","c":"新疆全顺"},
    {"p":"云南省","c":"大理江铃"},
    {"p":"云南省","c":"红河福顺"},
    {"p":"云南省","c":"普洱健中冈"},
    {"p":"云南省","c":"曲靖驰源"},
    {"p":"云南省","c":"腾冲星灵涵"},
    {"p":"云南省","c":"文山惠铃"},
    {"p":"云南省","c":"玉溪健中冈"},
    {"p":"云南省","c":"云南江铃"},
    {"p":"浙江省","c":"北仑昌铃"},
    {"p":"浙江省","c":"慈溪友邦"},
    {"p":"浙江省","c":"东阳宝铃"},
    {"p":"浙江省","c":"奉化福铃"},
    {"p":"浙江省","c":"嘉兴万友"},
    {"p":"浙江省","c":"江山昌铃"},
    {"p":"浙江省","c":"金华顺铃"},
    {"p":"浙江省","c":"丽水福铃"},
    {"p":"浙江省","c":"临安美福"},
    {"p":"浙江省","c":"宁波江铃"},
    {"p":"浙江省","c":"宁海顺铃"},
    {"p":"浙江省","c":"平湖康顺"},
    {"p":"浙江省","c":"衢州凯铃"},
    {"p":"浙江省","c":"绍兴康顺"},
    {"p":"浙江省","c":"嵊州康顺"},
    {"p":"浙江省","c":"台州全顺"},
    {"p":"浙江省","c":"桐乡康顺"},
    {"p":"浙江省","c":"武义顺铃"},
    {"p":"浙江省","c":"义乌昌铃"},
    {"p":"浙江省","c":"永康康铃"},
    {"p":"浙江省","c":"余姚顺铃"},
    {"p":"浙江省","c":"浙江红旭"},
    {"p":"浙江省","c":"浙江江铃"},
    {"p":"浙江省","c":"浙江江铃湖州分公司"},
    {"p":"浙江省","c":"浙江江铃萧山分公司"},
    {"p":"浙江省","c":"舟山霁锋"},
    {"p":"浙江省","c":"诸暨宝铃"}
  ],
  "dealer":[
    {"d":"安徽江铃","c":"安徽省合肥市经济技术开发区芙蓉路295号"},
    {"d":"安徽宏丰","c":"安徽省宿州市经济开发区南外环与宿怀路交叉口东600米"},
    {"d":"中交二航局","c":"安徽省芜湖市长江北路231号"},
    {"d":"安庆福江","c":"安庆市宣秀区大桥办事处砂桥村（公安驾校向北1000米）"},
    {"d":"安阳福铃","c":"安阳市龙安区铁西路车管所向南100米路西"},
    {"d":"蚌埠连城","c":"蚌埠市迎宾大道西侧（蚌埠国际汽车城内）"},
    {"d":"包头国顺","c":"包头稀土高新区稀土路南（恒通金安公司院内） "},
    {"d":"昌海顺义","c":"北京市顺义区南法信镇政府东600米路南（顺平路南法信段22号）"},
    {"d":"洛阳顺铃","c":"瀍河区九都东路名车苑汽车广场内西8号展厅"},
    {"d":"常德天顺","c":"常德市常德大道与青年路交汇处（高坪头）"},
    {"d":"常州江铃","c":"常州新北区龙虎塘街新六路18号"},
    {"d":"郴州广顺","c":"郴州市苏仙区锁石路1号（青年大道石榴湾大桥往东500米，省四建斜对面）"},
    {"d":"重庆怡铃","c":"重庆市渝北区龙溪镇红锦大道561号"},
    {"d":"滁州宏海","c":"滁州市中都大道777号"},
    {"d":"达州江铃","c":"达州市达县南外镇七里沟一组御南苑A幢"},
    {"d":"大理江铃","c":"大理市榆华路32号"},
    {"d":"大连立扬","c":"大连市甘井子区华北路685号"},
    {"d":"德阳顺祥","c":"德阳市沱江东路56号"},
    {"d":"德州吉顺","c":"德州市经济开发区广川大道南芦家河村村西"},
    {"d":"东莞江铃","c":"东莞市寮步镇莞樟路塘唇路段"},
    {"d":"东营顺福铃","c":"东营市西四路842号"},
    {"d":"黔南江羚","c":"都匀市八中入口处"},
    {"d":"恩施威汉","c":"恩施市金桂大道168号"},
    {"d":"奉化福铃","c":"奉化市江口街道民营科技园区聚金路12号"},
    {"d":"南海顺铃","c":"佛山市南海区桂城海八路华南汽车城（桂江立交桥侧）"},
    {"d":"龙岩佳通","c":"福建省龙岩市罗龙路石埠段兴富楼一楼1-2号店"},
    {"d":"南平江铃","c":"福建省南平市南福路28号"},
    {"d":"泉州全顺","c":"福建省泉州市晋江市经济开发区（五里园）灵山路2号"},
    {"d":"福州江铃","c":"福州市闽侯县尚干镇祥通路9号青口汽车城江铃汽车"},
    {"d":"抚顺日晟","c":"抚顺市新抚区青年路西段煤矿电机厂对面江铃汽车"},
    {"d":"阜阳福江","c":"阜阳市颍州开发区105国道三十里铺三和汽贸物流园东区"},
    {"d":"甘肃顺铃","c":"甘肃省兰州市七里河区西津西路1196号"},
    {"d":"庆阳顺铃","c":"甘肃省庆阳市西峰区后官寨乡中岭农贸市场院内"},
    {"d":"连云港快顺","c":"赣榆县204国道生态公园斜对面（天合服装厂院内）"},
    {"d":"赣州铃卡","c":"赣州市经济技术开发区迎宾大道中段工业一路路口"},
    {"d":"顺德江铃","c":"广东省佛山市顺德区伦教广珠公路新松路段汽车城内"},
    {"d":"广州凯铃","c":"广东省广州市番禺区桥南街蚬涌村位于市桥二桥市南公路西侧"},
    {"d":"鹤山江铃","c":"广东省鹤山市雅瑶镇江沙路陈山高速口侧"},
    {"d":"江门江铃","c":"广东省江门市建设三路168号"},
    {"d":"揭阳顺铃","c":"广东省揭阳市东山区环市北以南新河路以西（机电大厦西侧）"},
    {"d":"茂名顺铃","c":"广东省茂名市高速出口新悦车城"},
    {"d":"梅州兴业","c":"广东省梅州市梅县扶大高新区三葵加油站旁"},
    {"d":"清远江铃","c":"广东省清远市新城东B41号区"},
    {"d":"湛江顺铃","c":"广东省湛江市赤坎区双港路29号"},
    {"d":"百色荣顺","c":"广西百色市右江区城东路"},
    {"d":"贵港铭鼎","c":"广西贵港市港北区北环路治超检测站北侧200米处"},
    {"d":"梧州九鑫","c":"广西梧州市长洲区包茂高速梧州出口平浪收费站旁"},
    {"d":"玉林穗邦","c":"广西玉林市经济开发区正泰路1号骏翔汽车城江铃店"},
    {"d":"广元众利","c":"广元市上西川港汽车城2号楼"},
    {"d":"贵州丰泰","c":"贵阳市花溪区孟关国际汽贸城"},
    {"d":"毕节恒顺","c":"贵州省毕节市双山新区小瓦路双山国际汽车博览城"},
    {"d":"铜仁福铃","c":"贵州省铜仁市万山区谢家桥新区南互通大道旁"},
    {"d":"兴义广缘","c":"贵州省兴义市坪东大道中段64号"},
    {"d":"遵义顺铃","c":"贵州省遵义市遵南大道黔北汽车城4S店区24号（江铃店）"},
    {"d":"桂林同顺","c":"桂林市八里街汽车市场1栋7-8号"},
    {"d":"黑龙江天拓域胜","c":"哈尔滨市道外区先锋路5号"},
    {"d":"哈密飞扬","c":"哈密市石油基地支油路2号"},
    {"d":"海口顺铃","c":"海口市南海大道239号"},
    {"d":"邯郸典正","c":"邯郸市北环立交桥西行600米路北茶汇汽车城内"},
    {"d":"浙江江铃","c":"杭州市石祥路277号"},
    {"d":"浙江江铃萧山分公司","c":"杭州市萧山区兴园路118号浙江世纪汽车市场1－18号"},
    {"d":"沧州华成","c":"河北省沧州市东外环与307国道交叉口东北角（居然之家斜对过）"},
    {"d":"承德福江","c":"河北省承德市高新技术产业开发区东西营工业园区"},
    {"d":"秦皇岛文盛","c":"河北省秦皇岛市山海关区红瓦店（东方航空学校东侧）"},
    {"d":"邢台典盛","c":"河北省邢台市任县河头村西（华密橡胶对面）"},
    {"d":"河池瑞铃","c":"河池市城西大道旁（地震台北面）"},
    {"d":"新乡福铃","c":"河南省新乡市新飞大道与南环交叉口（南环汽车广场东门）"},
    {"d":"河南江铃","c":"河南省郑州市郑东新区汉风路36号华丰国际钢铁物流园热轧板加工配送车间1层"},
    {"d":"河源汇鑫","c":"河源市河源大道205国道东边风光村大门往北380米处"},
    {"d":"菏泽顺铃","c":"菏泽市开发区黄河路327国道南侧"},
    {"d":"大庆江福","c":"黑龙江省大庆市西宾路49号"},
    {"d":"佳木斯众合","c":"黑龙江省佳木斯市郊区友谊路1888号"},
    {"d":"牡丹江天拓","c":"黑龙江省牡丹江市阳明区矿山路与裕民路交叉口"},
    {"d":"齐齐哈尔龙成","c":"黑龙江省齐齐哈尔市龙沙区永安南大街65号"},
    {"d":"衡水广福","c":"衡水市桃城区新华路北侧顺兴街东"},
    {"d":"衡阳福顺","c":"衡阳市石鼓区西外环路加油站旁（下衡大高速出口1.8公里处）"},
    {"d":"黄冈威汉","c":"湖北省黄冈市黄州区南湖国营农场榨舟桥特1号"},
    {"d":"湖南全顺浏阳分公司","c":"湖南浏阳市集里办事处平水村平水加油站正对面"},
    {"d":"湘西永兴","c":"湖南省湘西经开区吉凤办事处湾溪社区兰天国际汽车城汽车专卖区内"},
    {"d":"葫芦岛凯达","c":"葫芦岛市龙港区锦葫路稻池站点"},
    {"d":"科达周浦","c":"沪南公路3520号"},
    {"d":"怀化顺铃","c":"怀化市本业大道鸭嘴岩工业园南高速路入口处"},
    {"d":"淮安科达","c":"淮安市淮阴区西安北路558号"},
    {"d":"淮北舜和","c":"淮北市濉溪县202省道郭楼桥北500米"},
    {"d":"黄石威汉","c":"黄石市大泉路126号伍家洪港发汽车交易市场内"},
    {"d":"惠州江铃","c":"惠州市河南岸演达一路汽车大市场内18号"},
    {"d":"吉安江铃","c":"吉安市城南专业市场（车管所对面）"},
    {"d":"吉林福铃","c":"吉林市高新区工业3区A-4-1(岳阳路67号）"},
    {"d":"嘉兴万友","c":"嘉兴市城南路7号桥"},
    {"d":"江山昌铃","c":"江山市清湖镇江贺路207号"},
    {"d":"常熟贺骏","c":"江苏省常熟市青墩塘路188号汽车市场品牌区"},
    {"d":"昆山贺骏","c":"江苏省昆山市新南中路99号"},
    {"d":"南通江铃","c":"江苏省南通市城港路85号"},
    {"d":"邳州捷奥","c":"江苏省邳州市徐海一级公路008号"},
    {"d":"苏州贺骏","c":"江苏省苏州市吴中区东环南路1588号"},
    {"d":"太仓富骏","c":"江苏省太仓市城厢镇苏州路188号"},
    {"d":"萍乡全顺","c":"江西省萍乡市安源新区韶山路安源交警斜对面"},
    {"d":"赣东北江铃","c":"江西省上饶市三清山大道西端（上饶国际家具城A1栋1-4号）"},
    {"d":"江阴广吉","c":"江阴市澄杨路17号"},
    {"d":"金华顺铃","c":"金华汽车城西九路"},
    {"d":"荆门威汉","c":"荆门市高新区迎春大道8号"},
    {"d":"荆州威汉","c":"荆州市荆沙大道48号江铃汽车（马河渔场中段）"},
    {"d":"九江江铃","c":"九江市开发区九瑞大道以北、第四加油站以西"},
    {"d":"甘肃江铃酒泉分公司","c":"酒泉市肃州区西郊工业园经入路口"},
    {"d":"开平骏侨","c":"开平市沙冈红进开发区"},
    {"d":"凯里永和","c":"凯里经济开发区金源西大道北侧（经纬国际汽车城）"},
    {"d":"库尔勒宏大","c":"库尔勒市石化大道74号神州国际汽车城内B区江铃展厅"},
    {"d":"云南江铃","c":"昆明市滇池路十里长街南苑小区对面"},
    {"d":"乐山顺铃","c":"乐山市市中区苏稽镇倒拐店村二组"},
    {"d":"丽水福铃","c":"丽水市绿谷大道211号"},
    {"d":"连云港汽修","c":"连云港市新浦区解放东路271号"},
    {"d":"鞍山和泰翔达","c":"辽宁省鞍山市千山区建设大道618号"},
    {"d":"丹东福顺","c":"辽宁省丹东市振兴区集环路02号"},
    {"d":"盘锦顺铃","c":"辽宁省盘锦市兴隆台区工业街25号"},
    {"d":"营口玄豹分公司","c":"辽宁省营口市站前区工农路77号"},
    {"d":"聊城水利","c":"聊城市光岳南路110号"},
    {"d":"柳州健中冈","c":"柳州市燎原路10-1号"},
    {"d":"六安金运","c":"六安承接集中示范园区南京路"},
    {"d":"娄底联顺","c":"娄底市娄星区万宝镇芭蕉村"},
    {"d":"泸州怡铃","c":"泸州市轻工业园区兰安大道金龙物流内"},
    {"d":"吕梁嘉通","c":"吕梁市离石区交口商业街对面（高速西口前300米）"},
    {"d":"马鞍山江铃","c":"马鞍山红旗南路1777号"},
    {"d":"绵阳顺铃","c":"绵阳市经开区绵州大道中段6号（同立汽车博览中心内）"},
    {"d":"江西江铃","c":"南昌市迎宾北大道272号"},
    {"d":"南充怡铃","c":"南充市高坪区航空港国际汽车城内"},
    {"d":"南京凯腾","c":"南京栖霞区幕府东路339号"},
    {"d":"南京业辉","c":"南京市浦口区泰山街道浦泗路19号"},
    {"d":"广西云汇","c":"南宁市白沙大道108号"},
    {"d":"启东顺铃","c":"南通市港闸区城港路85号"},
    {"d":"南阳顺铃","c":"南阳市仲景北路与信臣路交叉口往北600米路东"},
    {"d":"赤峰顺铃","c":"内蒙古赤峰市洪山区桥北物流园区东风雪铁龙大街"},
    {"d":"呼伦贝尔江铃","c":"内蒙古呼伦贝尔市海拉尔区伊敏大街33号"},
    {"d":"锡盟方悦诚信","c":"内蒙古锡林浩特市火车站南207国道1公里处路西江铃汽车"},
    {"d":"兴安盟顺铃","c":"内蒙古兴安盟乌兰浩特市北物流园区骑车贸易区"},
    {"d":"通辽福顺","c":"内蒙古自治区通辽市通辽经济技术开发区（瑞丰汽贸物流园J1#-103)"},
    {"d":"北仑昌铃","c":"宁波市北仑区大锲徐洋中路39号1-3幢"},
    {"d":"宁波江铃","c":"宁波市雅戈尔大道458号"},
    {"d":"宁德市江铃","c":"宁德市蕉城区涵内路133号"},
    {"d":"宁海顺铃","c":"宁海县金山七路6号"},
    {"d":"宁夏顺铃","c":"宁夏回族自治区银川市德胜工业园区南环路南侧2-1幢"},
    {"d":"攀枝花华兴","c":"攀枝花市仁和区弯腰树华阳路民族中学下行100米"},
    {"d":"平湖康顺","c":"平湖市当湖街道长胜路1351号"},
    {"d":"莆田江铃","c":"莆田市荔城区西天尾镇洞湖村(北大路口正对面)"},
    {"d":"钦州顺福铃","c":"钦州市北部湾大道新隆市场D18号"},
    {"d":"青岛九和","c":"青岛市城阳区流亭街道仙家寨社区重庆北路3号"},
    {"d":"青海全顺","c":"青海省西宁市城东区八一东路15号（东湖汽车城）"},
    {"d":"唐山江福","c":"轻卡：唐山市唐柏路吉祥钢材市场对面全顺及SUV：唐山市路南区汽车产业园区内"},
    {"d":"潍坊金源日照分公司","c":"日照市开发区汽车城（204国道西）日照江铃汽车4S店"},
    {"d":"荣成成山汽车","c":"荣成市凭海西路鑫通汽车城9号店"},
    {"d":"三明江铃","c":"三明市三元区一路汽车园园区江铃汽车（三明南高速出口一公里处）"},
    {"d":"三亚陆铃","c":"三亚市迎宾路龙坡路村旁汽车城"},
    {"d":"厦门驭胜","c":"厦门市湖里区机场南区翔远一路西侧"},
    {"d":"滨州顺铃","c":"山东省滨州市滨城区205国道与220国道交叉口往东880米往北380米路西"},
    {"d":"青岛双林源","c":"山东省即墨市经济技术开发区青威路1052号"},
    {"d":"济南万昌","c":"山东省济南市市中区济微路东"},
    {"d":"济宁江铃","c":"山东省济宁市高新区黄屯镇327国道北市车管所对面"},
    {"d":"青岛福全顺","c":"山东省胶州市泉州北路68号"},
    {"d":"临沂宝铃","c":"山东省临沂市沂河路东段"},
    {"d":"青岛六和胶南分公司","c":"山东省青岛市胶南市世纪大道866号（与珠山路交叉口）"},
    {"d":"青州金源","c":"山东省潍坊市青州市玲珑山北路2359号青州江铃"},
    {"d":"潍坊金源寿光分公司","c":"山东省潍坊寿光市洛城街道圣龙机动车交易市场院内江铃4S店"},
    {"d":"烟台江铃","c":"山东省烟台市芝罘区卧龙工业园卧龙中路"},
    {"d":"大同江铃","c":"山西省大同市开发区恒安街27号"},
    {"d":"晋城长江","c":"山西省晋城市开发区兰花路173号"},
    {"d":"临汾江铃全顺","c":"山西省临汾市尧庙往南3公里金井村北口"},
    {"d":"山西新泰都","c":"山西省太原市新晋祠路488号（万国汽贸园内）"},
    {"d":"运城顺福铃","c":"山西省运城市机场路钢材市场东侧1号(机场高速路口对面）"},
    {"d":"长治市江铃","c":"山西省长治市东一环路漳沂村东"},
    {"d":"安康永成","c":"陕西省安康市张岭村五组（大修厂附近江铃汽车店）"},
    {"d":"延安顺铃","c":"陕西省延安市宝塔区李渠镇石展庄沟口"},
    {"d":"汕头江铃","c":"汕头市潮汕路机动车辆交易市场A座4-5号"},
    {"d":"商丘恒隆","c":"商丘市民主西路中原汽车城车城大道与锦绣路交叉口北50米路东"},
    {"d":"韶关森鑫","c":"韶关市浈江区韶南大道八公里新村商铺38号"},
    {"d":"邵阳宝顺汽车","c":"邵阳市东大路国家粮库18号"},
    {"d":"绍兴康顺","c":"绍兴县金柯桥大道与柯海公路路口南侧（国际加油站斜对面）"},
    {"d":"深圳国顺","c":"深圳市宝安区西乡大道底左侧大铲湾港区辅四道"},
    {"d":"深圳顺成","c":"深圳市龙岗区深惠路1118号（横岗段）信义汽车城39号"},
    {"d":"深圳江铃","c":"深圳市南山区月亮湾大道嘉进隆汽车广场C07号"},
    {"d":"深圳永顺通","c":"深圳市坪山新区东纵路39号农牧大厦首层"},
    {"d":"沈阳泰和","c":"沈阳市大东区江东街59-4号"},
    {"d":"嵊州康顺","c":"嵊州市经济开发区莲塘村[五金机电城旁边"},
    {"d":"十堰威汉","c":"十堰市白狼中路160号"},
    {"d":"石家庄汉岳","c":"石家庄长安区北二环东路68号"},
    {"d":"四川江铃","c":"四川省成都市金牛区茶店子金府路282号"},
    {"d":"西昌琦洋","c":"四川省凉山州西昌市安宁镇康宁村三组2、3、4幢一层"},
    {"d":"随州威汉","c":"随州市交通大道16号天隆车市B座2-6号"},
    {"d":"泰安瑞铃","c":"泰安市泰山区大白峪物流园"},
    {"d":"泰州江铃","c":"泰州市青年南路苏源花园-7-8号（新永泰大酒店北侧）"},
    {"d":"天津亿铃","c":"天津市津南区辛庄镇津沽公路佳奥国际汽车城"},
    {"d":"驻马店顺铃","c":"天中山大道与练江路交叉口南1公里路东神州汽贸城院内"},
    {"d":"桐乡康顺","c":"桐乡市环城东路1756号"},
    {"d":"大连九和瓦房店","c":"瓦房店市钻石街2177号"},
    {"d":"威海江铃","c":"威海市环翠区温泉镇冶口（金蚂蚁汽车广场）"},
    {"d":"潍坊金源","c":"潍坊市奎文区潍州路365号"},
    {"d":"浙江红旭","c":"温州机场大道1365号（浙江温州工业园区）"},
    {"d":"无锡江铃","c":"无锡市北塘区全丰路97号"},
    {"d":"武汉楚天威汉","c":"武汉市黄陂区汉口北大道8号附3号"},
    {"d":"西藏顺天成","c":"西藏拉萨市城关区空指路金龙巷3号"},
    {"d":"陕西天晟","c":"咸阳市西兰路北上召汽车产业园"},
    {"d":"襄阳威汉","c":"襄阳市襄州区深圳工业汽车园区襄阳大道江铃4S店"},
    {"d":"忻州泰都","c":"忻州市七一北路顿村口东"},
    {"d":"奎屯永达","c":"新疆奎屯市南环西路123号（北疆汽贸园）"},
    {"d":"阿克苏海林车业","c":"新疆维吾尔自治区阿克苏地区阿克苏市多喀中路72号（江铃汽车维修服务站）"},
    {"d":"新疆全顺","c":"新疆乌鲁木齐市头屯河区头屯河路2345号新疆天恒基国际汽车城3-6号"},
    {"d":"徐州福益","c":"新沂市新安镇大桥西路北侧"},
    {"d":"新余百合","c":"新余九鼎汽车市场5号楼"},
    {"d":"信阳福铃","c":"信阳市老312国道工业城高铁桥西60米路北"},
    {"d":"科达徐州分公司","c":"徐州新城区行政中心二期东区综合楼D518"},
    {"d":"许昌大志","c":"许昌市许由路西段运粮河以东路北"},
    {"d":"龙口顺通","c":"烟台市龙口市张郑金岭汽车城"},
    {"d":"盐城福顺","c":"盐城市盐都区潘黄镇世纪大道（宝才工业园区）中联路1号"},
    {"d":"扬州顺铃","c":"扬州市扬子江中路109号"},
    {"d":"阳江顺铃","c":"阳江市江城区金山路北侧（二运站斜对面）"},
    {"d":"东阳宝铃","c":"义乌市东阳市东义路437号"},
    {"d":"义乌昌铃","c":"义乌市拥军路106-1号"},
    {"d":"宜昌威汉","c":"宜昌市夷陵区发展大道黄金卡路段江铃汽车（博大家私旁）"},
    {"d":"赣西江铃","c":"宜春市袁州区马王塘经济开发区"},
    {"d":"英德君铃","c":"英德市大站镇银英公路东侧"},
    {"d":"鹰潭源盛","c":"鹰潭市鹰西高速路口前500米"},
    {"d":"永康康铃","c":"永康市城西路25号（三匹马雕塑往武义方向150米）"},
    {"d":"郴州广顺永州分公司","c":"永州市冷水滩区进贤路口永州日报旁"},
    {"d":"余姚顺铃","c":"余姚市西石山路与梁周线交叉口往东300米（路北）"},
    {"d":"榆林福顺","c":"榆林市上郡南路榆天化对面 "},
    {"d":"玉溪健中冈","c":"玉溪市明珠路高仓老村委会（二手车市场前行500米）"},
    {"d":"保定元盛","c":"驭胜：保定市长城南大街1485号（世纪汽车城院内）"},
    {"d":"岳阳梦达","c":"岳阳市巴陵东路398号"},
    {"d":"腾冲星灵涵","c":"云南省保山市腾冲县腾越镇热海社区绮罗小区94号"},
    {"d":"红河福顺","c":"云南省红河州蒙自市红河大道田心村新亚太汽车城"},
    {"d":"普洱健中冈","c":"云南省普洱市思茅区宁洱大道16号"},
    {"d":"曲靖驰源","c":"云南省曲靖市麒麟区长征路（双友钢铁厂旁）"},
    {"d":"文山惠铃","c":"云南省文山州文山市文山国际汽车城内"},
    {"d":"枣庄顺铃","c":"枣庄市市中区青檀南路市石油公司向南100米路东"},
    {"d":"张家口屹辰","c":"张家口市高新区玉宝墩机场路（江铃汽车专卖店）"},
    {"d":"张掖顺铃","c":"张掖市东关汽车市场院内200米"},
    {"d":"漳州宏瑞","c":"漳州市龙文区吉马家具广场东侧（吉马国际汽车城）商用车区（3区1-10号店面）"},
    {"d":"长春立扬","c":"长春市西新技术开发区西环城路6778号"},
    {"d":"湖南全顺","c":"长沙市星沙中南汽车世界汽贸大道H04座"},
    {"d":"肇庆顺铃","c":"肇庆市端州区黄岗镇大冲收费站大楼东侧"},
    {"d":"慈溪友邦","c":"浙江省慈溪市逍林镇汽贸大道758号"},
    {"d":"临安美福","c":"浙江省杭州市临安市锦北街道平山路280号"},
    {"d":"浙江江铃湖州分公司","c":"浙江省湖州市江南机动车城A区2号"},
    {"d":"衢州凯铃","c":"浙江省衢州市衢江区东迹大道920号"},
    {"d":"台州全顺","c":"浙江省台州市临海靖江南路85号"},
    {"d":"武义顺铃","c":"浙江省武义县明招路（火车站广场边）"},
    {"d":"诸暨宝铃","c":"浙江省诸暨市荣马路12号"},
    {"d":"中山江铃","c":"中山市东区长江北路白沙湾工业园金基汽车城第2幢"},
    {"d":"舟山霁锋","c":"舟山市定海区盐仓工业园金达路到底"},
    {"d":"周口顺铃","c":"周口市川江区水环路南侧（宏源精品汽车城）"},
    {"d":"株洲全顺","c":"株洲市荷塘区向阳广场金山科技工业园454号"},
    {"d":"珠海江铃","c":"珠海上冲国际名车城华威路102号"},
    {"d":"淄博鲁中","c":"淄博张店区山泉路73号"}
  ]
}